experiment,algorithm,topology,nodes,values,mode,seed,repetition,wall_time_us,steps,ok
flooding_nodes,flooding,fullmesh,10,0,sequential,42,0,677,263,true
flooding_nodes,flooding,fullmesh,10,0,sequential,59,1,658,263,true
flooding_nodes,flooding,fullmesh,10,0,sequential,76,2,1168,263,true
flooding_nodes,flooding,fullmesh,10,0,sequential,93,3,622,263,true
flooding_nodes,flooding,fullmesh,10,0,sequential,110,4,1255,263,true
flooding_nodes,flooding,fullmesh,10,0,sequential,127,5,1146,263,true
flooding_nodes,flooding,fullmesh,10,0,sequential,144,6,579,263,true
flooding_nodes,flooding,fullmesh,10,0,sequential,161,7,1340,263,true
flooding_nodes,flooding,fullmesh,10,0,sequential,178,8,1110,263,true
flooding_nodes,flooding,fullmesh,10,0,sequential,195,9,635,263,true
flooding_nodes,flooding,fullmesh,10,0,parallel,42,0,1078,263,true
flooding_nodes,flooding,fullmesh,10,0,parallel,59,1,1088,263,true
flooding_nodes,flooding,fullmesh,10,0,parallel,76,2,1104,263,true
flooding_nodes,flooding,fullmesh,10,0,parallel,93,3,1655,263,true
flooding_nodes,flooding,fullmesh,10,0,parallel,110,4,534,263,true
flooding_nodes,flooding,fullmesh,10,0,parallel,127,5,1037,263,true
flooding_nodes,flooding,fullmesh,10,0,parallel,144,6,519,263,true
flooding_nodes,flooding,fullmesh,10,0,parallel,161,7,545,263,true
flooding_nodes,flooding,fullmesh,10,0,parallel,178,8,1037,263,true
flooding_nodes,flooding,fullmesh,10,0,parallel,195,9,1595,263,true
flooding_nodes,flooding,fullmesh,20,0,sequential,42,0,2698,1123,true
flooding_nodes,flooding,fullmesh,20,0,sequential,59,1,3360,1123,true
flooding_nodes,flooding,fullmesh,20,0,sequential,76,2,3213,1123,true
flooding_nodes,flooding,fullmesh,20,0,sequential,93,3,3390,1123,true
flooding_nodes,flooding,fullmesh,20,0,sequential,110,4,3719,1123,true
flooding_nodes,flooding,fullmesh,20,0,sequential,127,5,3257,1123,true
flooding_nodes,flooding,fullmesh,20,0,sequential,144,6,2761,1123,true
flooding_nodes,flooding,fullmesh,20,0,sequential,161,7,2663,1123,true
flooding_nodes,flooding,fullmesh,20,0,sequential,178,8,5094,1123,true
flooding_nodes,flooding,fullmesh,20,0,sequential,195,9,2180,1123,true
flooding_nodes,flooding,fullmesh,20,0,parallel,42,0,3720,1123,true
flooding_nodes,flooding,fullmesh,20,0,parallel,59,1,4489,1123,true
flooding_nodes,flooding,fullmesh,20,0,parallel,76,2,4001,1123,true
flooding_nodes,flooding,fullmesh,20,0,parallel,93,3,4282,1123,true
flooding_nodes,flooding,fullmesh,20,0,parallel,110,4,3999,1123,true
flooding_nodes,flooding,fullmesh,20,0,parallel,127,5,4039,1123,true
flooding_nodes,flooding,fullmesh,20,0,parallel,144,6,5001,1123,true
flooding_nodes,flooding,fullmesh,20,0,parallel,161,7,4243,1123,true
flooding_nodes,flooding,fullmesh,20,0,parallel,178,8,4998,1123,true
flooding_nodes,flooding,fullmesh,20,0,parallel,195,9,5180,1123,true
flooding_nodes,flooding,fullmesh,50,0,sequential,42,0,26353,7303,true
flooding_nodes,flooding,fullmesh,50,0,sequential,59,1,23714,7303,true
flooding_nodes,flooding,fullmesh,50,0,sequential,76,2,22373,7303,true
flooding_nodes,flooding,fullmesh,50,0,sequential,93,3,21224,7303,true
flooding_nodes,flooding,fullmesh,50,0,sequential,110,4,21016,7303,true
flooding_nodes,flooding,fullmesh,50,0,sequential,127,5,23212,7303,true
flooding_nodes,flooding,fullmesh,50,0,sequential,144,6,21134,7303,true
flooding_nodes,flooding,fullmesh,50,0,sequential,161,7,21020,7303,true
flooding_nodes,flooding,fullmesh,50,0,sequential,178,8,21210,7303,true
flooding_nodes,flooding,fullmesh,50,0,sequential,195,9,22188,7303,true
flooding_nodes,flooding,fullmesh,50,0,parallel,42,0,27470,7303,true
flooding_nodes,flooding,fullmesh,50,0,parallel,59,1,24320,7303,true
flooding_nodes,flooding,fullmesh,50,0,parallel,76,2,25734,7303,true
flooding_nodes,flooding,fullmesh,50,0,parallel,93,3,25139,7303,true
flooding_nodes,flooding,fullmesh,50,0,parallel,110,4,26955,7303,true
flooding_nodes,flooding,fullmesh,50,0,parallel,127,5,25520,7303,true
flooding_nodes,flooding,fullmesh,50,0,parallel,144,6,25267,7303,true
flooding_nodes,flooding,fullmesh,50,0,parallel,161,7,26709,7303,true
flooding_nodes,flooding,fullmesh,50,0,parallel,178,8,26386,7303,true
flooding_nodes,flooding,fullmesh,50,0,parallel,195,9,26931,7303,true
flooding_nodes,flooding,fullmesh,100,0,sequential,42,0,97639,29603,true
flooding_nodes,flooding,fullmesh,100,0,sequential,59,1,85109,29603,true
flooding_nodes,flooding,fullmesh,100,0,sequential,76,2,82849,29603,true
flooding_nodes,flooding,fullmesh,100,0,sequential,93,3,85908,29603,true
flooding_nodes,flooding,fullmesh,100,0,sequential,110,4,79982,29603,true
flooding_nodes,flooding,fullmesh,100,0,sequential,127,5,79462,29603,true
flooding_nodes,flooding,fullmesh,100,0,sequential,144,6,81214,29603,true
flooding_nodes,flooding,fullmesh,100,0,sequential,161,7,81902,29603,true
flooding_nodes,flooding,fullmesh,100,0,sequential,178,8,77716,29603,true
flooding_nodes,flooding,fullmesh,100,0,sequential,195,9,85160,29603,true
flooding_nodes,flooding,fullmesh,100,0,parallel,42,0,92108,29603,true
flooding_nodes,flooding,fullmesh,100,0,parallel,59,1,94624,29603,true
flooding_nodes,flooding,fullmesh,100,0,parallel,76,2,101686,29603,true
flooding_nodes,flooding,fullmesh,100,0,parallel,93,3,119214,29603,true
flooding_nodes,flooding,fullmesh,100,0,parallel,110,4,108590,29603,true
flooding_nodes,flooding,fullmesh,100,0,parallel,127,5,95440,29603,true
flooding_nodes,flooding,fullmesh,100,0,parallel,144,6,94160,29603,true
flooding_nodes,flooding,fullmesh,100,0,parallel,161,7,103116,29603,true
flooding_nodes,flooding,fullmesh,100,0,parallel,178,8,98098,29603,true
flooding_nodes,flooding,fullmesh,100,0,parallel,195,9,92632,29603,true
flooding_nodes,flooding,fullmesh,500,0,sequential,42,0,2306709,748003,true
flooding_nodes,flooding,fullmesh,500,0,sequential,59,1,2205742,748003,true
flooding_nodes,flooding,fullmesh,500,0,sequential,76,2,2296725,748003,true
flooding_nodes,flooding,fullmesh,500,0,sequential,93,3,2135515,748003,true
flooding_nodes,flooding,fullmesh,500,0,sequential,110,4,2175506,748003,true
flooding_nodes,flooding,fullmesh,500,0,sequential,127,5,2112607,748003,true
flooding_nodes,flooding,fullmesh,500,0,sequential,144,6,2220456,748003,true
flooding_nodes,flooding,fullmesh,500,0,sequential,161,7,2116780,748003,true
flooding_nodes,flooding,fullmesh,500,0,sequential,178,8,2182487,748003,true
flooding_nodes,flooding,fullmesh,500,0,sequential,195,9,2154232,748003,true
flooding_nodes,flooding,fullmesh,500,0,parallel,42,0,2534065,748003,true
flooding_nodes,flooding,fullmesh,500,0,parallel,59,1,2635882,748003,true
flooding_nodes,flooding,fullmesh,500,0,parallel,76,2,3045176,748003,true
flooding_nodes,flooding,fullmesh,500,0,parallel,93,3,3221731,748003,true
flooding_nodes,flooding,fullmesh,500,0,parallel,110,4,3524965,748003,true
flooding_nodes,flooding,fullmesh,500,0,parallel,127,5,3933910,748003,true
flooding_nodes,flooding,fullmesh,500,0,parallel,144,6,3124466,748003,true
flooding_nodes,flooding,fullmesh,500,0,parallel,161,7,3157437,748003,true
flooding_nodes,flooding,fullmesh,500,0,parallel,178,8,3206694,748003,true
flooding_nodes,flooding,fullmesh,500,0,parallel,195,9,3251972,748003,true
flooding_nodes,flooding,fullmesh,1000,0,sequential,42,0,11122183,2996003,true
flooding_nodes,flooding,fullmesh,1000,0,sequential,59,1,10887845,2996003,true
flooding_nodes,flooding,fullmesh,1000,0,sequential,76,2,10686760,2996003,true
flooding_nodes,flooding,fullmesh,1000,0,sequential,93,3,10729480,2996003,true
flooding_nodes,flooding,fullmesh,1000,0,sequential,110,4,10903618,2996003,true
flooding_nodes,flooding,fullmesh,1000,0,sequential,127,5,10906058,2996003,true
flooding_nodes,flooding,fullmesh,1000,0,sequential,144,6,10690280,2996003,true
flooding_nodes,flooding,fullmesh,1000,0,sequential,161,7,11057097,2996003,true
flooding_nodes,flooding,fullmesh,1000,0,sequential,178,8,10456652,2996003,true
flooding_nodes,flooding,fullmesh,1000,0,sequential,195,9,10601085,2996003,true
flooding_nodes,flooding,fullmesh,1000,0,parallel,42,0,15018867,2996003,true
flooding_nodes,flooding,fullmesh,1000,0,parallel,59,1,15593076,2996003,true
flooding_nodes,flooding,fullmesh,1000,0,parallel,76,2,15569876,2996003,true
flooding_nodes,flooding,fullmesh,1000,0,parallel,93,3,14687224,2996003,true
flooding_nodes,flooding,fullmesh,1000,0,parallel,110,4,14882240,2996003,true
flooding_nodes,flooding,fullmesh,1000,0,parallel,127,5,15710580,2996003,true
flooding_nodes,flooding,fullmesh,1000,0,parallel,144,6,15179974,2996003,true
flooding_nodes,flooding,fullmesh,1000,0,parallel,161,7,15241949,2996003,true
flooding_nodes,flooding,fullmesh,1000,0,parallel,178,8,15656243,2996003,true
flooding_nodes,flooding,fullmesh,1000,0,parallel,195,9,16001335,2996003,true
raft_nodes,raft,fullmesh,5,100,sequential,42,0,7997,1645,true
raft_nodes,raft,fullmesh,5,100,sequential,59,1,9004,1645,true
raft_nodes,raft,fullmesh,5,100,sequential,76,2,9526,1645,true
raft_nodes,raft,fullmesh,5,100,sequential,93,3,9512,1645,true
raft_nodes,raft,fullmesh,5,100,sequential,110,4,9497,1645,true
raft_nodes,raft,fullmesh,5,100,sequential,127,5,9536,1645,true
raft_nodes,raft,fullmesh,5,100,sequential,144,6,10509,1645,true
raft_nodes,raft,fullmesh,5,100,sequential,161,7,8662,1645,true
raft_nodes,raft,fullmesh,5,100,sequential,178,8,8710,1645,true
raft_nodes,raft,fullmesh,5,100,sequential,195,9,8504,1645,true
raft_nodes,raft,fullmesh,5,100,parallel,42,0,9100,1808,true
raft_nodes,raft,fullmesh,5,100,parallel,59,1,7168,1598,true
raft_nodes,raft,fullmesh,5,100,parallel,76,2,6165,1572,true
raft_nodes,raft,fullmesh,5,100,parallel,93,3,7196,1558,true
raft_nodes,raft,fullmesh,5,100,parallel,110,4,7978,1804,true
raft_nodes,raft,fullmesh,5,100,parallel,127,5,8513,1730,true
raft_nodes,raft,fullmesh,5,100,parallel,144,6,8054,1736,true
raft_nodes,raft,fullmesh,5,100,parallel,161,7,6276,1498,true
raft_nodes,raft,fullmesh,5,100,parallel,178,8,9000,1730,true
raft_nodes,raft,fullmesh,5,100,parallel,195,9,7174,1734,true
raft_nodes,raft,fullmesh,7,100,sequential,42,0,13146,2465,true
raft_nodes,raft,fullmesh,7,100,sequential,59,1,13504,2465,true
raft_nodes,raft,fullmesh,7,100,sequential,76,2,13708,2465,true
raft_nodes,raft,fullmesh,7,100,sequential,93,3,13119,2465,true
raft_nodes,raft,fullmesh,7,100,sequential,110,4,13957,2465,true
raft_nodes,raft,fullmesh,7,100,sequential,127,5,13517,2465,true
raft_nodes,raft,fullmesh,7,100,sequential,144,6,13695,2465,true
raft_nodes,raft,fullmesh,7,100,sequential,161,7,14372,2465,true
raft_nodes,raft,fullmesh,7,100,sequential,178,8,12708,2465,true
raft_nodes,raft,fullmesh,7,100,sequential,195,9,12729,2465,true
raft_nodes,raft,fullmesh,7,100,parallel,42,0,9009,2332,true
raft_nodes,raft,fullmesh,7,100,parallel,59,1,9010,2240,true
raft_nodes,raft,fullmesh,7,100,parallel,76,2,12064,2312,true
raft_nodes,raft,fullmesh,7,100,parallel,93,3,10416,2562,true
raft_nodes,raft,fullmesh,7,100,parallel,110,4,10558,2312,true
raft_nodes,raft,fullmesh,7,100,parallel,127,5,9695,2174,true
raft_nodes,raft,fullmesh,7,100,parallel,144,6,11527,2570,true
raft_nodes,raft,fullmesh,7,100,parallel,161,7,12496,2572,true
raft_nodes,raft,fullmesh,7,100,parallel,178,8,10580,2632,true
raft_nodes,raft,fullmesh,7,100,parallel,195,9,9516,2280,true
raft_nodes,raft,fullmesh,10,100,sequential,42,0,21828,3695,true
raft_nodes,raft,fullmesh,10,100,sequential,59,1,22209,3695,true
raft_nodes,raft,fullmesh,10,100,sequential,76,2,27085,3695,true
raft_nodes,raft,fullmesh,10,100,sequential,93,3,21935,3695,true
raft_nodes,raft,fullmesh,10,100,sequential,110,4,21317,3695,true
raft_nodes,raft,fullmesh,10,100,sequential,127,5,21795,3695,true
raft_nodes,raft,fullmesh,10,100,sequential,144,6,21364,3695,true
raft_nodes,raft,fullmesh,10,100,sequential,161,7,20323,3695,true
raft_nodes,raft,fullmesh,10,100,sequential,178,8,20001,3695,true
raft_nodes,raft,fullmesh,10,100,sequential,195,9,21163,3695,true
raft_nodes,raft,fullmesh,10,100,parallel,42,0,17022,3694,true
raft_nodes,raft,fullmesh,10,100,parallel,59,1,16508,3784,true
raft_nodes,raft,fullmesh,10,100,parallel,76,2,16999,3650,true
raft_nodes,raft,fullmesh,10,100,parallel,93,3,17551,3839,true
raft_nodes,raft,fullmesh,10,100,parallel,110,4,17562,3860,true
raft_nodes,raft,fullmesh,10,100,parallel,127,5,17158,3811,true
raft_nodes,raft,fullmesh,10,100,parallel,144,6,17074,3723,true
raft_nodes,raft,fullmesh,10,100,parallel,161,7,16492,3745,true
raft_nodes,raft,fullmesh,10,100,parallel,178,8,18076,3799,true
raft_nodes,raft,fullmesh,10,100,parallel,195,9,115986,3884,true
raft_nodes,raft,fullmesh,20,100,sequential,42,0,64583,7795,true
raft_nodes,raft,fullmesh,20,100,sequential,59,1,65909,7795,true
raft_nodes,raft,fullmesh,20,100,sequential,76,2,61884,7795,true
raft_nodes,raft,fullmesh,20,100,sequential,93,3,62422,7795,true
raft_nodes,raft,fullmesh,20,100,sequential,110,4,60314,7795,true
raft_nodes,raft,fullmesh,20,100,sequential,127,5,61601,7795,true
raft_nodes,raft,fullmesh,20,100,sequential,144,6,59367,7795,true
raft_nodes,raft,fullmesh,20,100,sequential,161,7,58542,7795,true
raft_nodes,raft,fullmesh,20,100,sequential,178,8,62532,7795,true
raft_nodes,raft,fullmesh,20,100,sequential,195,9,61484,7795,true
raft_nodes,raft,fullmesh,20,100,parallel,42,0,41339,7646,true
raft_nodes,raft,fullmesh,20,100,parallel,59,1,46065,8002,true
raft_nodes,raft,fullmesh,20,100,parallel,76,2,46640,7630,true
raft_nodes,raft,fullmesh,20,100,parallel,93,3,45039,7572,true
raft_nodes,raft,fullmesh,20,100,parallel,110,4,47208,8162,true
raft_nodes,raft,fullmesh,20,100,parallel,127,5,50828,7970,true
raft_nodes,raft,fullmesh,20,100,parallel,144,6,51273,7588,true
raft_nodes,raft,fullmesh,20,100,parallel,161,7,47501,8008,true
raft_nodes,raft,fullmesh,20,100,parallel,178,8,49788,8100,true
raft_nodes,raft,fullmesh,20,100,parallel,195,9,50890,7546,true
raft_nodes,raft,fullmesh,50,100,sequential,42,0,252360,20095,true
raft_nodes,raft,fullmesh,50,100,sequential,59,1,236518,20095,true
raft_nodes,raft,fullmesh,50,100,sequential,76,2,230528,20095,true
raft_nodes,raft,fullmesh,50,100,sequential,93,3,229398,20095,true
raft_nodes,raft,fullmesh,50,100,sequential,110,4,224920,20095,true
raft_nodes,raft,fullmesh,50,100,sequential,127,5,229136,20095,true
raft_nodes,raft,fullmesh,50,100,sequential,144,6,224263,20095,true
raft_nodes,raft,fullmesh,50,100,sequential,161,7,219484,20095,true
raft_nodes,raft,fullmesh,50,100,sequential,178,8,226340,20095,true
raft_nodes,raft,fullmesh,50,100,sequential,195,9,226358,20095,true
raft_nodes,raft,fullmesh,50,100,parallel,42,0,137768,20506,true
raft_nodes,raft,fullmesh,50,100,parallel,59,1,131209,20736,true
raft_nodes,raft,fullmesh,50,100,parallel,76,2,150503,20334,true
raft_nodes,raft,fullmesh,50,100,parallel,93,3,140579,20658,true
raft_nodes,raft,fullmesh,50,100,parallel,110,4,142224,20474,true
raft_nodes,raft,fullmesh,50,100,parallel,127,5,154076,20368,true
raft_nodes,raft,fullmesh,50,100,parallel,144,6,150386,20434,true
raft_nodes,raft,fullmesh,50,100,parallel,161,7,142670,20720,true
raft_nodes,raft,fullmesh,50,100,parallel,178,8,148730,20354,true
raft_nodes,raft,fullmesh,50,100,parallel,195,9,142485,20622,true
raft_nodes,raft,fullmesh,100,100,sequential,42,0,732871,40595,true
raft_nodes,raft,fullmesh,100,100,sequential,59,1,760074,40595,true
raft_nodes,raft,fullmesh,100,100,sequential,76,2,702164,40595,true
raft_nodes,raft,fullmesh,100,100,sequential,93,3,710677,40595,true
raft_nodes,raft,fullmesh,100,100,sequential,110,4,713634,40595,true
raft_nodes,raft,fullmesh,100,100,sequential,127,5,706547,40595,true
raft_nodes,raft,fullmesh,100,100,sequential,144,6,697219,40595,true
raft_nodes,raft,fullmesh,100,100,sequential,161,7,726413,40595,true
raft_nodes,raft,fullmesh,100,100,sequential,178,8,693667,40595,true
raft_nodes,raft,fullmesh,100,100,sequential,195,9,697813,40595,true
raft_nodes,raft,fullmesh,100,100,parallel,42,0,334342,41760,true
raft_nodes,raft,fullmesh,100,100,parallel,59,1,395083,40906,true
raft_nodes,raft,fullmesh,100,100,parallel,76,2,392792,41250,true
raft_nodes,raft,fullmesh,100,100,parallel,93,3,391001,41200,true
raft_nodes,raft,fullmesh,100,100,parallel,110,4,369273,41790,true
raft_nodes,raft,fullmesh,100,100,parallel,127,5,401365,40900,true
raft_nodes,raft,fullmesh,100,100,parallel,144,6,389018,41558,true
raft_nodes,raft,fullmesh,100,100,parallel,161,7,409018,41334,true
raft_nodes,raft,fullmesh,100,100,parallel,178,8,422351,41096,true
raft_nodes,raft,fullmesh,100,100,parallel,195,9,371412,41398,true
raft_nodes,raft,fullmesh,500,100,sequential,42,0,13426159,204595,true
raft_nodes,raft,fullmesh,500,100,sequential,59,1,13738379,204595,true
raft_nodes,raft,fullmesh,500,100,sequential,76,2,13956338,204595,true
raft_nodes,raft,fullmesh,500,100,sequential,93,3,13370382,204595,true
raft_nodes,raft,fullmesh,500,100,sequential,110,4,13691797,204595,true
raft_nodes,raft,fullmesh,500,100,sequential,127,5,13560560,204595,true
raft_nodes,raft,fullmesh,500,100,sequential,144,6,13463598,204595,true
raft_nodes,raft,fullmesh,500,100,sequential,161,7,13620874,204595,true
raft_nodes,raft,fullmesh,500,100,sequential,178,8,13322985,204595,true
raft_nodes,raft,fullmesh,500,100,sequential,195,9,13565561,204595,true
raft_nodes,raft,fullmesh,500,100,parallel,42,0,5389505,208150,true
raft_nodes,raft,fullmesh,500,100,parallel,59,1,5754760,207182,true
raft_nodes,raft,fullmesh,500,100,parallel,76,2,5646863,207540,true
raft_nodes,raft,fullmesh,500,100,parallel,93,3,6105945,208018,true
raft_nodes,raft,fullmesh,500,100,parallel,110,4,5812122,206734,true
raft_nodes,raft,fullmesh,500,100,parallel,127,5,5308702,208642,true
raft_nodes,raft,fullmesh,500,100,parallel,144,6,5684675,206954,true
raft_nodes,raft,fullmesh,500,100,parallel,161,7,5611639,208138,true
raft_nodes,raft,fullmesh,500,100,parallel,178,8,5108744,210098,true
raft_nodes,raft,fullmesh,500,100,parallel,195,9,5657724,207532,true
raft_nodes,raft,fullmesh,1000,100,sequential,42,0,60760910,409595,true
raft_nodes,raft,fullmesh,1000,100,sequential,59,1,58724844,409595,true
raft_nodes,raft,fullmesh,1000,100,sequential,76,2,57878672,409595,true
raft_nodes,raft,fullmesh,1000,100,sequential,93,3,60093440,409595,true
raft_nodes,raft,fullmesh,1000,100,sequential,110,4,59671056,409595,true
raft_nodes,raft,fullmesh,1000,100,sequential,127,5,59456735,409595,true
raft_nodes,raft,fullmesh,1000,100,sequential,144,6,58655597,409595,true
raft_nodes,raft,fullmesh,1000,100,sequential,161,7,58749303,409595,true
raft_nodes,raft,fullmesh,1000,100,sequential,178,8,59101618,409595,true
raft_nodes,raft,fullmesh,1000,100,sequential,195,9,58488675,409595,true
raft_nodes,raft,fullmesh,1000,100,parallel,42,0,22737944,415206,true
raft_nodes,raft,fullmesh,1000,100,parallel,59,1,22166466,416734,true
raft_nodes,raft,fullmesh,1000,100,parallel,76,2,22670513,415740,true
raft_nodes,raft,fullmesh,1000,100,parallel,93,3,23137107,415706,true
raft_nodes,raft,fullmesh,1000,100,parallel,110,4,21729926,417988,true
raft_nodes,raft,fullmesh,1000,100,parallel,127,5,21598696,417500,true
raft_nodes,raft,fullmesh,1000,100,parallel,144,6,23667751,414944,true
raft_nodes,raft,fullmesh,1000,100,parallel,161,7,21858635,416928,true
raft_nodes,raft,fullmesh,1000,100,parallel,178,8,23409336,415352,true
raft_nodes,raft,fullmesh,1000,100,parallel,195,9,24098191,414036,true
raft_values,raft,fullmesh,100,10,sequential,42,0,26154,4955,true
raft_values,raft,fullmesh,100,10,sequential,59,1,26247,4955,true
raft_values,raft,fullmesh,100,10,sequential,76,2,24506,4955,true
raft_values,raft,fullmesh,100,10,sequential,93,3,25511,4955,true
raft_values,raft,fullmesh,100,10,sequential,110,4,26146,4955,true
raft_values,raft,fullmesh,100,10,sequential,127,5,27748,4955,true
raft_values,raft,fullmesh,100,10,sequential,144,6,26655,4955,true
raft_values,raft,fullmesh,100,10,sequential,161,7,36742,4955,true
raft_values,raft,fullmesh,100,10,sequential,178,8,28532,4955,true
raft_values,raft,fullmesh,100,10,sequential,195,9,29573,4955,true
raft_values,raft,fullmesh,100,10,parallel,42,0,34637,5354,true
raft_values,raft,fullmesh,100,10,parallel,59,1,38136,5382,true
raft_values,raft,fullmesh,100,10,parallel,76,2,40555,5368,true
raft_values,raft,fullmesh,100,10,parallel,93,3,39143,5362,true
raft_values,raft,fullmesh,100,10,parallel,110,4,38080,5390,true
raft_values,raft,fullmesh,100,10,parallel,127,5,39355,5360,true
raft_values,raft,fullmesh,100,10,parallel,144,6,39935,5358,true
raft_values,raft,fullmesh,100,10,parallel,161,7,34138,5344,true
raft_values,raft,fullmesh,100,10,parallel,178,8,77740,5296,true
raft_values,raft,fullmesh,100,10,parallel,195,9,38307,5358,true
raft_values,raft,fullmesh,100,25,sequential,42,0,94676,10895,true
raft_values,raft,fullmesh,100,25,sequential,59,1,94204,10895,true
raft_values,raft,fullmesh,100,25,sequential,76,2,90832,10895,true
raft_values,raft,fullmesh,100,25,sequential,93,3,86773,10895,true
raft_values,raft,fullmesh,100,25,sequential,110,4,86122,10895,true
raft_values,raft,fullmesh,100,25,sequential,127,5,86122,10895,true
raft_values,raft,fullmesh,100,25,sequential,144,6,84905,10895,true
raft_values,raft,fullmesh,100,25,sequential,161,7,82626,10895,true
raft_values,raft,fullmesh,100,25,sequential,178,8,85833,10895,true
raft_values,raft,fullmesh,100,25,sequential,195,9,86459,10895,true
raft_values,raft,fullmesh,100,25,parallel,42,0,83044,11150,true
raft_values,raft,fullmesh,100,25,parallel,59,1,74096,11476,true
raft_values,raft,fullmesh,100,25,parallel,76,2,75957,11468,true
raft_values,raft,fullmesh,100,25,parallel,93,3,74985,11308,true
raft_values,raft,fullmesh,100,25,parallel,110,4,89661,11320,true
raft_values,raft,fullmesh,100,25,parallel,127,5,83292,11372,true
raft_values,raft,fullmesh,100,25,parallel,144,6,85095,11434,true
raft_values,raft,fullmesh,100,25,parallel,161,7,84117,11416,true
raft_values,raft,fullmesh,100,25,parallel,178,8,82760,11358,true
raft_values,raft,fullmesh,100,25,parallel,195,9,77623,11340,true
raft_values,raft,fullmesh,100,50,sequential,42,0,254955,20795,true
raft_values,raft,fullmesh,100,50,sequential,59,1,228665,20795,true
raft_values,raft,fullmesh,100,50,sequential,76,2,234668,20795,true
raft_values,raft,fullmesh,100,50,sequential,93,3,233209,20795,true
raft_values,raft,fullmesh,100,50,sequential,110,4,233365,20795,true
raft_values,raft,fullmesh,100,50,sequential,127,5,240927,20795,true
raft_values,raft,fullmesh,100,50,sequential,144,6,225479,20795,true
raft_values,raft,fullmesh,100,50,sequential,161,7,243859,20795,true
raft_values,raft,fullmesh,100,50,sequential,178,8,221078,20795,true
raft_values,raft,fullmesh,100,50,sequential,195,9,219122,20795,true
raft_values,raft,fullmesh,100,50,parallel,42,0,156276,21300,true
raft_values,raft,fullmesh,100,50,parallel,59,1,151509,21592,true
raft_values,raft,fullmesh,100,50,parallel,76,2,162161,21504,true
raft_values,raft,fullmesh,100,50,parallel,93,3,161411,21094,true
raft_values,raft,fullmesh,100,50,parallel,110,4,157712,21426,true
raft_values,raft,fullmesh,100,50,parallel,127,5,155470,21426,true
raft_values,raft,fullmesh,100,50,parallel,144,6,162594,21240,true
raft_values,raft,fullmesh,100,50,parallel,161,7,162757,21368,true
raft_values,raft,fullmesh,100,50,parallel,178,8,170613,21324,true
raft_values,raft,fullmesh,100,50,parallel,195,9,160430,21116,true
raft_values,raft,fullmesh,100,100,sequential,42,0,739959,40595,true
raft_values,raft,fullmesh,100,100,sequential,59,1,695558,40595,true
raft_values,raft,fullmesh,100,100,sequential,76,2,726710,40595,true
raft_values,raft,fullmesh,100,100,sequential,93,3,791728,40595,true
raft_values,raft,fullmesh,100,100,sequential,110,4,727336,40595,true
raft_values,raft,fullmesh,100,100,sequential,127,5,727712,40595,true
raft_values,raft,fullmesh,100,100,sequential,144,6,695041,40595,true
raft_values,raft,fullmesh,100,100,sequential,161,7,718308,40595,true
raft_values,raft,fullmesh,100,100,sequential,178,8,697416,40595,true
raft_values,raft,fullmesh,100,100,sequential,195,9,742454,40595,true
raft_values,raft,fullmesh,100,100,parallel,42,0,381019,41228,true
raft_values,raft,fullmesh,100,100,parallel,59,1,396833,40906,true
raft_values,raft,fullmesh,100,100,parallel,76,2,396899,41178,true
raft_values,raft,fullmesh,100,100,parallel,93,3,389050,41652,true
raft_values,raft,fullmesh,100,100,parallel,110,4,370726,41102,true
raft_values,raft,fullmesh,100,100,parallel,127,5,380785,41438,true
raft_values,raft,fullmesh,100,100,parallel,144,6,395102,41172,true
raft_values,raft,fullmesh,100,100,parallel,161,7,441245,41342,true
raft_values,raft,fullmesh,100,100,parallel,178,8,435629,41152,true
raft_values,raft,fullmesh,100,100,parallel,195,9,482589,41316,true
raft_values,raft,fullmesh,100,200,sequential,42,0,2601659,80195,true
raft_values,raft,fullmesh,100,200,sequential,59,1,2542922,80195,true
raft_values,raft,fullmesh,100,200,sequential,76,2,4220034,80195,true
raft_values,raft,fullmesh,100,200,sequential,93,3,3387167,80195,true
raft_values,raft,fullmesh,100,200,sequential,110,4,3072775,80195,true
raft_values,raft,fullmesh,100,200,sequential,127,5,2332794,80195,true
raft_values,raft,fullmesh,100,200,sequential,144,6,2417618,80195,true
raft_values,raft,fullmesh,100,200,sequential,161,7,2438653,80195,true
raft_values,raft,fullmesh,100,200,sequential,178,8,2465607,80195,true
raft_values,raft,fullmesh,100,200,sequential,195,9,2441251,80195,true
raft_values,raft,fullmesh,100,200,parallel,42,0,1062720,81112,true
raft_values,raft,fullmesh,100,200,parallel,59,1,1081826,81028,true
raft_values,raft,fullmesh,100,200,parallel,76,2,1018378,81742,true
raft_values,raft,fullmesh,100,200,parallel,93,3,1071016,81004,true
raft_values,raft,fullmesh,100,200,parallel,110,4,1089751,80830,true
raft_values,raft,fullmesh,100,200,parallel,127,5,1173601,80546,true
raft_values,raft,fullmesh,100,200,parallel,144,6,1098437,81108,true
raft_values,raft,fullmesh,100,200,parallel,161,7,1026752,81594,true
raft_values,raft,fullmesh,100,200,parallel,178,8,1013645,81566,true
raft_values,raft,fullmesh,100,200,parallel,195,9,1102613,80694,true
raft_values,raft,fullmesh,100,500,sequential,42,0,13571174,198995,true
raft_values,raft,fullmesh,100,500,sequential,59,1,13911710,198995,true
raft_values,raft,fullmesh,100,500,sequential,76,2,14595583,198995,true
raft_values,raft,fullmesh,100,500,sequential,93,3,14123602,198995,true
raft_values,raft,fullmesh,100,500,sequential,110,4,13784716,198995,true
raft_values,raft,fullmesh,100,500,sequential,127,5,13965702,198995,true
raft_values,raft,fullmesh,100,500,sequential,144,6,14314904,198995,true
raft_values,raft,fullmesh,100,500,sequential,161,7,13527268,198995,true
raft_values,raft,fullmesh,100,500,sequential,178,8,13714760,198995,true
raft_values,raft,fullmesh,100,500,sequential,195,9,13855919,198995,true
raft_values,raft,fullmesh,100,500,parallel,42,0,6499525,203014,true
raft_values,raft,fullmesh,100,500,parallel,59,1,6623009,200866,true
raft_values,raft,fullmesh,100,500,parallel,76,2,6021112,201972,true
raft_values,raft,fullmesh,100,500,parallel,93,3,5908770,203282,true
raft_values,raft,fullmesh,100,500,parallel,110,4,6497222,201426,true
raft_values,raft,fullmesh,100,500,parallel,127,5,6445510,200376,true
raft_values,raft,fullmesh,100,500,parallel,144,6,6076870,201354,true
raft_values,raft,fullmesh,100,500,parallel,161,7,6284647,201698,true
raft_values,raft,fullmesh,100,500,parallel,178,8,6916669,200790,true
raft_values,raft,fullmesh,100,500,parallel,195,9,5918967,205204,true
raft_values,raft,fullmesh,100,1000,sequential,42,0,54825162,396995,true
raft_values,raft,fullmesh,100,1000,sequential,59,1,55192282,396995,true
raft_values,raft,fullmesh,100,1000,sequential,76,2,51783364,396995,true
raft_values,raft,fullmesh,100,1000,sequential,93,3,54920185,396995,true
raft_values,raft,fullmesh,100,1000,sequential,110,4,53218579,396995,true
raft_values,raft,fullmesh,100,1000,sequential,127,5,53983926,396995,true
raft_values,raft,fullmesh,100,1000,sequential,144,6,53522661,396995,true
raft_values,raft,fullmesh,100,1000,sequential,161,7,54148834,396995,true
raft_values,raft,fullmesh,100,1000,sequential,178,8,52785926,396995,true
raft_values,raft,fullmesh,100,1000,sequential,195,9,52800419,396995,true
raft_values,raft,fullmesh,100,1000,parallel,42,0,22747443,403260,true
raft_values,raft,fullmesh,100,1000,parallel,59,1,24568217,399340,true
raft_values,raft,fullmesh,100,1000,parallel,76,2,21317228,406194,true
raft_values,raft,fullmesh,100,1000,parallel,93,3,22863612,406166,true
raft_values,raft,fullmesh,100,1000,parallel,110,4,21923405,402286,true
raft_values,raft,fullmesh,100,1000,parallel,127,5,23746990,400330,true
raft_values,raft,fullmesh,100,1000,parallel,144,6,22039912,405142,true
raft_values,raft,fullmesh,100,1000,parallel,161,7,23083916,399348,true
raft_values,raft,fullmesh,100,1000,parallel,178,8,21786396,406148,true
raft_values,raft,fullmesh,100,1000,parallel,195,9,25121038,399350,true
